,review,rating
0,"bahan tebel, jahitan bagus, model sesuai. kurang sat set untuk pengirimannya. smoga lbh baik lg ke depan.",5
1,Bagus bangetttt ga nyesel beli disini!,5
2,"Barang sesuai deskripsi, pengiriman cepat. Recomended seller",5
3,"Ukuran pas, pengiriman cepat. Mantap",5
4,ok,5
5,2x beli sesuai ekspektasi ğŸ‘ğŸ‘,5
6,terima ksih sudah 2x pemesanan.,5
7,nyaman &amp; tidak gerah,5
8,"bilangnya dikirim besok, tp dikirim lusa
baju oke",4
9,"sizenya oke, untuk warna putihnya agak sedikit kebiru-biruan dan agak nerawang juga",4
10,pas cocok,5
11,Orderan ke dua sama mantapnya dgn yg prtama,5
12,"Kaosnya bagus, potongannya pas, bahannya tebel. Mantap",5
13,Bagus,5
14,bahannya enak,5
15,selalu suka barangnya,5
16,mantap,5
17,gud,5
18,josss bahanya oke dipakai nyaman.. murmer pula.. walau pengiriman agak lama 3 hariaan,5
19,"jgn berharap seller mendengarkan buyer, dan kualitas produk jelek dibandingkan produk yg lbh mahal sedikit, lbh baik pilih yg mahal dikit, tapi puas. jahitan dan aroma pakaian baru sangat bauk.",1
20,,2
21,"size oversize nya saya suka, mgkin kl bahan agak tebel lagi makin oke. soalnya agak nerawang kl pake putih. tp untuk harga segini oke banget",5
22,Jahitannya ada yang kelepas,3
23,"always good quality, langganan kalo mau beli kaos polos pasti disini xxixixi",5
24,fast response banget dan enakeun banget,5
25,"Ini order kedua kalinya, seperti biasa memuaskan, bahan bajunya enak, adem, respons seller juga cepet, packing rapi, very recomended",5
26,"Kaosnya  bagus, dapat bonus sticker.",5
27,"Bahannya adem banget, ini aq repurchase yg kedua kalinya",5
28,"One morning, when Gregor Samsa woke from troubled dreams, he found himself transformed in his bed into a horrible vermin. He lay on his armour-like back, and if he lifted his head a little he could see his brown belly, slightly domed and divided by arches into stiff sections. The bedding was hardly able to cover it and seemed ready to slide off any moment. His many legs, pitifully thin compared with the size of the rest of him, waved about helplessly as he looked. &#34;What&#39;s happened to me?&#34; he thought. It wasn&#39;t a dream.",5
29,"tebel, jahitan rapi ğŸ‘",5
30,recommended,5
31,bahan bagus banget buat harga segitu. tebel banget. cuttingan juga ok. cuma sayang ada jahitan dikit yg gak rapih.. itu aja. sisanya bagus bgt,5
32,"top, bahan oke di pake ya cukup nyaman",5
33,Kece,5
34,ğŸ‘,5
35,keren abis..bahan ukuran pas.. udah beli ke dua kali.. thx u,5
36,"bahannya bagus tebal, keren pokoknya",5
37,"bahannya tebal, jahitan halus &amp; rapi.",5
38,di tanya bisa req sablon ga ? dan di bisa-in sama pihak toko dan di janjikan 7-10 hari sampai tapi 2 minggu ga di kirim&#34; sampai harus di tanyain dan slow res. ketika barang sampai hasilnya sangat ancur sablonannya dan di chat lagi masalah sablon tidak di balas . kalau gabisa terima req sablon gausa mengiyakan customer ! ğŸ‘ğŸ¼ğŸ‘ğŸ¼ğŸ‘ğŸ¼ğŸ‘ğŸ¼ğŸ‘ğŸ¼,1
39,"bagusss dan nyaman, ukuran pas",5
40,realpic jahitan rapih rekomen!,5
41,bagus,5
42,"bahannya tebal tapi nyaman dangak panas, warnanya bagus, modelnya juga keren kayak uniqlo, jahitan yg saya punya lumayan rapi dan ukuran nya juga sesuai deskripsi. sesuai lah sama harganya. worthed. pengiriman juga lumayan cepat. makasih seller",5
43,"lebih besar dari yang dikira, bahan lumayan tebal, harga murah, cuma syg pengiriman agak lama tapi keseluruhan oke lah",5
44,baguss,5
45,"bahannya betulan cotton, nyerep keringet",5
46,Bahan nya nyaman ğŸ‘ğŸ»,5
47,Bahan nya nyaman. Di cuci jg gak mengkerut. Order ke 2x nya. Terima kasih,5
48,mantapppp bahannya adem dan tebel,5
49,mantulll,5
50,Kualitas produk bagus. Ukuran sesuai. Modelnya keren ğŸ˜.,5
51,"Nice. Bahan tebal ga nerawang, sesuai deskripsi",5
52,Kualitas produk bagus Modelnya keren ğŸ˜ Jahitannya rapi Warnanya mantap Ukuran sesuai Bahannya adem Bahan menyerap keringat Bahannya lembut Nyaman dipakai Tidak menerawang,5
53,Lehernya kecil,5
54,Kualitas produk bagus Nyaman dipakai Jahitannya rapi Ukuran sesuai Warnanya mantap Tidak menerawang Bahan menyerap keringat Bahannya lembut,5
55,jujur ini kaos terbaik yang pernah kubeli bahan adem tak kalah dengan seller yang super ramah jadi auto langganan dong yagesya,5
56,bilang nya katun combed ..... eh ternyata bahan nya carded &amp; mahan nya keras pasti bikin gerah dan kaku kaos nya......mudah2an bermamfaat,1
57,MANTAPPP ABIEZZZZ,5
58,Overall bagus. Bahan nya tebal. Dikasih sticker juga. Thank you ğŸ˜‡ğŸ‘ğŸ»,5
59,"sesuai dengan pesanan, bahannya bagus, pas",5
60,Bahannya adem Tidak menerawang Nyaman dipakai Kualitas produk bagus,5
61,"mantaaap, makasi......",5
62,pelayananan cepat dan ramah,5
63,kainnya bagus,5
64,mantapp abiezzzz,5
65,Barang sampai dengan selamat. Barang sesuai dengan foto dan deskripsi.,5
66,Barang sesuai pesanan!,5
67,Beli 2 pcs  size M ukuran panjang beda beda,3
68,jahitan kurang rapi,2
69,bahan bagus dan tebal sangat memuaskan,5
70,"bahan tebel nyaman dipakai tidak gerah, dan pasti gombrang oversized nya mantap. rekomen!",5
71,Kali kedua beli di sini karena barangnya cocok..,5
72,"Polanya bagus, bahannya aja yg",4
73,real pick.,5
74,Overall aman.. baju bagus,5
75,bahannya bagus,5
76,Barang sesuai pesanan!,5
77,Mantap,5
78,Terima kasih puas blnja disini,5
79,Nyaman dipake,5
80,"bahanya bagus, responya sangat sangat bagus . terima kasih",5
81,XL Kegedean. Pasnya L,5
82,Kualitas produk bagus.Â Jahitannya rapi.Â Nyaman dipakai.Â Tidak menerawang.Â Bahannya lembut.,4
83,jadi langganan tetap pokoknya ğŸ‘,5
84,jadi langganan tetap pokoknya ğŸ‘ğŸ‘,5
85,sy tinggi 175 pakai L pas bgt,5
86,barang sesuai deskripsi recommended seller,5
87,Mirip un*qlo,5
88,Kualitas produk bagus.,5
89,"bonus stickernya ok
bahan kaosnya adem",5
90,"udah ke2 kalinya beli, bahannya adem, ukurannya sesuai deskripsi.
seller komunikatif. ada bonusnya, sukses buat seller ya",5
91,sesuai deskripsi,5
92,"Bahan bagus, cepat sampai, mantap",5
93,"Bahan enak, halus. Packaging bagus, diplastik satu per satu.",5
94,,1
95,"Barang sampe dengan selamat! Bahannya enak, tebal dan lembut. Pesan yang XL, ternyata pas banget di badan! RekomendğŸ‘ğŸ»ğŸ‘ğŸ»",5
96,oke. warna maroon wine akurat sesuai gambar. tapi jangan dibandingin sama oversize un*ql* yah.. ada harga ada rupa hehe..,5
97,ok mantap good,5
98,asli..keren bgt.ga nyesel...next pasti order lg.fast respon lagi..mantap sukses terus ya,5
99,Good banget!,5
100,Bahannya adem.Â Bahannya lembut.,5
101,Nyaman dipakai.Â Modelnya keren ğŸ˜.Â Jahitannya rapi.,5
102,terbaik bahan adem ukuran XL pas harga paling murah se indonesia di toko offlin diatas 100rb disini dibawah 70ribu,5
103,bagus si.. cuma sizenya beda sama yg pertama kali beliii. yg ini jauh lebih gede size M nya. padahal udah ambil ukuran yg sama huhuu ğŸ˜¢ğŸ˜¢,4
104,bahan enak adem baguss penjual jg fast respon dan ramahğŸ‘,5
105,terima kasih banyak. gaperlu di jelasin lagi karna hampir tiap bulan beli baju disini wkwkwk,5
106,"barang bagus. lembut, tebal.",5
107,Bahannya adem.,5
108,ğŸŒŸğŸŒŸğŸŒŸğŸŒŸğŸŒŸ,5
109,"Baju kece habis, bahan baju sangat tebal. Jahitaan jugaa oke. Next time bakal order lagiğŸ™ŒğŸ»ğŸ”¥",5
110,Kualitas produk bagus.Â Nyaman dipakai.Â Modelnya keren ğŸ˜.Â Bahannya lembut.,5
111,"pesanan yg kedua, kualitas terjamin. Highly recommended ğŸ‘",5
112,keren cuyy..,4
113,"berat 80 tinggi 172 ukuran XL pas banget, keren",5
114,jahitan kurang rapi...tapi ttp okelh,4
115,bagus,5
116,terbaik,5
117,ol,5
118,tak pernah mengecewakan,5
119,Kualitas produk bagus.Â Nyaman dipakai.Â Warnanya mantap.Â Ukuran sesuai.Â Modelnya keren ğŸ˜.Â Bahannya adem.Â Bahannya lembut.Â Bahan menyerap keringat.Â Jahitannya rapi.,5
120,bagus dan halus,5
121,Sip pembelian 2 dan sesuai,5
122,"Beli peach, cream sama white. Untuk bb 77 dan tinggi 169 cocok pake yg XL. Cuma entah kenapa cuttingan yg warna putih kerasa beda dari warna yang lain.",5
123,"Pembelian ke 3 kali, bajunya oke banget!",5
124,bagus banget bahannya alus jaitan rapi. pacar saya suka.,5
125,bahan nya bagus pengiriman cepat ..respon nya pun cepat ..terimakasih kk,5
126,Kualitas produk bagus.Â Modelnya keren ğŸ˜.Â Jahitannya rapi.Â Warnanya mantap.Â Ukuran sesuai.Â Bahan menyerap keringat.Â Nyaman dipakai.Â Bahannya lembut.Â Bahannya adem.Â Tidak menerawang.,5
127,Perfect,5
128,size M nya gede buanget . oversize nya beneran gueedeee banget,5
129,"Bahan nya bagus, tapi dapet nya barang cacat",3
130,"barang berkualitas tinggi, top banget",5
131,"udah sampe gan thanks yah, walopun dari kurir sempet Salah kirim alamat.",5
132,"Good. Puas dgn bahan nya, hanya saja L size kurang panjang sedikit di lengan",5
133,Kualitas produk bagus.,5
134,Jahitannya rapi.,5
135,Nice one,5
136,"kualitas baju bagus, tapi belum dicoba sampe satu minggu ğŸ‘ kendala hanya kurir anteraja yang ngadet banget lama nyampe",5
137,,5
138,"Bagian leher kurang besar, jadi kurang sama dengan uniqlo atau zara design.

Seller mantap poll! Rekomended ke tokonya",4
139,Kualitas produk bagus.Â Modelnya keren ğŸ˜.Â Warnanya mantap.Â Bahannya adem.Â Tidak menerawang.Â Nyaman dipakai.Â Jahitannya rapi.Â Ukuran sesuai.Â Bahannya lembut.Â Bahan menyerap keringat.,5
140,"Model &amp; bahannya sesuai ekspektasi, apalagi warnanya, memang sengaja cari yang hijo belel gitu sih",5
141,"bahan adem, ukuran pas..mantaap",5
142,"suka ,bahan tebal tp ga panas ,pengiriman cpt,hatur nuhun",5
143,kamu memang joss!,5
144,bahan dan ukuran sesuai ekspetasi,5
145,Lumayan,5
146,"bahan adem, jaritan rapi, mantap min",5
147,"produk bagus, bahan nyaman
but pengiriman lama, chat respon lama",4
148,bagus udah beli 2x bahannya adem kainnya gak bikin bau kalo keringetan,5
149,Pembelian ke sekian kali. Sebulan beli 5 pieces. Karena ternyata bagus dan enak. Cuma memang bahannya agak panas karena tebal. Semoga produk selanjutnya bisa bikin dengan bahan yg agak adem,5
150,Good prodak,5
151,mantappppp,5
152,,1
153,Mantap,5
154,"kaosnya nyaman dipake, bahannya tebel tapi tidak panas. ukurannya jg pas.",5
155,"BAGUS TERNYATA, BAHANNYA NYAMAN DAN LEMBUT. MANTAPP",5
156,"pengiriman cepat sekali,pokok nya da best ğŸ‘ğŸ‘",5
157,bagus ğŸ‘,5
158,Mayan lah,5
159,bagus,5
160,Bajunya bagus bgt dong jahitanhya juga rapi,5
161,"kualitas ok banget kalo di jakarta mah di atas 100 rebu kualitas begini, hanupis",5
162,"bahan adem, kiriman cepat packing rapi barangnya berkualitas recommended seller",5
163,Untuk tinggi 172 cm dan berat 75 sepertinya cocok ukuran L. Karena saya pake XL kebawahnya sangat besar. Tapi untuk bahan saya suka. Next klo saya pesan ukurannya L saja,5
164,bahan bagus sesuai 24s,5
165,Mantap bahannya enak ğŸ‘ğŸ»,5
166,"Pengemasan okk, secara banu bahan ny enak tpi leher ny aja mayan kekcilan, apalgi ni ukuran xl, tpi pling di pake sering gedean",5
167,"pola oversized nya bagus, bahan halus dan adem tapi agak tipis. warna ijo melon nya agak buluk ada putih2nya.",4
168,asmr ges,5
169,Bahannya bagusğŸ‘ğŸ¼ğŸ‘ğŸ¼ğŸ‘ğŸ¼ğŸ‘ğŸ¼,5
170,bagus kainnya,5
171,bahan nya bagus bgtt asli,5
172,nice.. thx seller..,5
173,Paket sdh diterima sesuai pesanan best seller mksh,5
174,bahan tebal good,4
175,,5
176,sekedar saran menurut saya utk ukuran kerah/lingkaran kerah ny d kecilin jgn terlalu lebar biar agak ngepres sma leher jdi gk terlalu kedodoran dan jga lebih keren sih menurut saya,5
177,Yang abu tua lengannya kepanjangan,4
178,Mantaaap. kaosnya adem,5
179,bahan bagus. ukuran sesuai deskripsi. recommended seller,5
180,ukuran ga sesuai brli size M jatuhnya reguler fit bukan oversize,1
181,"bagus, no complain, sedikit ada benang2 keluar, wajar dengan harga sgini. bahan juga 24s sesuai notes. tengkiu bakal repeat order lagi untuk warna laen.",5
182,sesuai sama pesanan,5
183,"sesuai pesanan, barang bagus , wallau pengiriman sempat terdelay 2 hr",5
184,kerennn,5
185,bagusss banget,5
186,Oke,4
187,Barangnya bagus,5
188,pas banget bahannya tebal.juga,5
189,puas bgt...,5
190,rekomend banget,5
191,"bahan baju nya bagus , ukuran sesuai sama yang dideskripsikan , harga terjangkau

pokoknya the best ğŸ‘",5
192,bagus bgtttt,5
193,"admin gercep pengiriman cepat, bahannya enak cuttingan nya bagus  ğŸ‘ğŸ»",5
194,"bahan bagus tidak panas, jahitan rapi &amp; warna sesuai dg gambar",5
195,"enak, pas, nyaman",5
196,"warna ijo melon sih oke ya sesuai ekspektasi, tapi yg warna peach kok modelnya beda ya? ada saku di dada trus bagian sampingnya jahitannya juga beda",4
197,kualitas oke lah tetapi ada deffect minor,4
198,"Yg biasa pakai baju L, untuk ukuran oversize better XL",5
199,"Kurs. Lengannya doang yg panjang, lebar kaosnya gak gombrong, jadi aneh. Coba tiru cuttingan uniqlo yg tipe oversized, itu baru oversized t-shirt beneran.",3
200,"Pas, pengiriman cepet",5
201,Bagus,5
202,ok,4
203,Belinya hitam kenapa datangnya yang warna merah ?,3
204,"Barang cepat sampai, bahan kaos &#39;dingin&#39;. Kualitas oke",5
205,"barang bagus, barang original, barang sesuai gambar, recommended",5
206,sangat puas sekali,5
207,keren banget,5
208,wow,5
209,Produk sesuai deskripsi,5
210,nice,5
211,Bagus,5
212,barang sesuai pesanan,5
213,keren ğŸ‘ŒğŸ¼ğŸ‘ŒğŸ¼ğŸ‘ŒğŸ¼,5
214,Paket aman smp tujuan mantap ğŸ‘ğŸ‘ğŸ‘,5
215,mantapni baju!!,5
216,"bagus bgt, bahannya ga panas, warnanya juga bagus sesuai gambar",5
217,"Keren anying! Piuas beud
Bb80 tb 170",5
218,"Mantap, pesanan sampai nya kilat",5
219,"bahan halus, adem, packing rapi, pengiriman agak lama",5
220,kainnya bagus,5
221,Keren,5
222,"Puas banget, barang ada kurang buyyernya tanggung jawab dikirim yang kurangnya, dan bahannya bagus banget recommended",5
223,"Bagus Kaosnya,  nyaman saya suka",5
224,seller responnya lambat,3
225,"cepat, kemasan bagus sekali, kualitas barang bagus, pengiriman cepat....jos markojosss",5
226,mantaaaap,5
227,Mantap bangettt,5
228,seller cepet bangett sihh qualitas juga okee mantap pokok nya ni ğŸ”¥ğŸ”¥,5
229,Mantabbbs,5
230,kualitas nya bagus... sama seperti merek UNi*lo,5
231,bahan bagus. enak dipakai. tb 175 bb 82 cocok pake xl,5
232,"bahan nya gak tipis gak tebal. saya TB 178 dan BB 80 pake XL gak terlalu nampak Oversize nya di bdn tp klo dari bahu kelihatan kalo type
 baju oversize. harus diet biar klihatan oversize.",5
233,good quality,5
234,Terima kasih,5
235,Mantap jos,5
236,sesuai dengan pesanan kaosnya bagus,5
237,"produk sesuai pesanan, dan packaging rapih",5
238,"mantap, sesuai ekspektasi",5
239,Puasssss.. (btw yg hitam warna aslinya lebih hitam),5
240,bagus enak dipakai,5
241,diluar expetasi ğŸ‘ğŸ‘ğŸ‘,5
242,"kualitas barangnya oke cepet sampe lagi, wis pokoke tidak nyesel",5
243,kren,5
244,Bagus bahannya. Bakal repeat order sih.,5
245,"tadinya mau beli beberapa cuma pgan coba beli satu dulu..dan ternyata bahan tebel jg pas banget..keren abizzz
pengiriman cepat banget
nanti belanja disini lagi 
thanks you",5
246,mantappp sekali,5
247,Produk sesuai dengan deskripsi produk nya,5
248,"Repeat order. Kemarin beli warna hitam. Sekarang beli warna lain.
Kualitas barang masih sesuai ekspektasi. Nggak kalah sama un1ql0!

Herannya ukuran untuk warna hitam dan putih sedikit berbeda dengan warna lainnya kalau digunakan di badan.

Sukses terus seller!",5
249,"Barang keren, kelass",5
250,"yg 2 dapet oversize, yg satu xl biasa.
yg oversize bajunya lumayan tebel, yg xl biasa aja.
terima kasih ğŸ™",5
251,,5
252,bagus bgt,5
253,cuttingannya kurang nampak oversize,4
254,bahan kaos tebal namun tidak panas,5
255,"Kualitas sangat baik untuk di kalangan harga segini ya. Daripada beli di mall macam Uni*lo, mending beli di sini. Bagus kok, fit di badan

Tinggi 185 dan berat 75 cocok pake L. Tinggi di atas segitu mending XL",5
256,Modelnya keren ğŸ˜.,5
257,"Kualitas biasa saja, untuk feel ya selayaknya C24s, gw tinggi 173 berat 95kg pesen yg ukuran XL tapi ukurannya sama kaya baju XL gw biasa pakai dirumah, cuma bedanya yg ini lengannya lebih panjang, ekspetasi gw XL itu kaya anak yg baru masuk SD, ternyata sama saja kaya baju XL yg sering gw pake dirumah",4
258,"Warna ga sesuai dengan di Poto, kecewa deh ğŸ˜¢",1
259,Kualitas produk bagus.Â Jahitannya rapi.Â Modelnya keren ğŸ˜.Â Ukuran sesuai.Â Nyaman dipakai.Â Bahannya adem.Â Warnanya mantap.Â Tidak menerawang.Â Bahannya lembut.Â Bahan menyerap keringat.,5
260,"Kualitas produk bagus.Â Modelnya keren ğŸ˜.Â Ukuran sesuai. Â Warnanya mantap.Â Nyaman dipakai.Â Bahannya lembut &amp; lumayan tebal. saran sy untuk tb. 175 bb 74, klo pingin keliatan oversizenya, pilih XL. sebetulnya sy pilih yg polos, cm yg dikirim yg saku.. gk masalah sih, ttp keren, yg penting hitam.. next bakal repeat order lg.. tq",5
261,"Kualitas, packaging, kecepatan pengiriman mamamia cepatos!",5
262,Ukuran sesuai.,5
263,Kualitas produk bagus.Â Modelnya keren ğŸ˜.Â Jahitannya rapi.Â Nyaman dipakai.Â Bahannya lembut.Â Tidak menerawang.Â Bahan menyerap keringat.Â Bahannya adem.Â Warnanya mantap.,5
264,Kualitas produk bagus.Â Nyaman dipakai.Â Ukuran sesuai.Â Tidak menerawang.Â Warnanya mantap.,5
265,Kualitas produk bagus Ukuran sesuai Nyaman dipakai Warnanya mantap Modelnya keren ğŸ˜,5
266,Kualitas produk bagus.,5
267,"barang bagus n proses cepat, mantabbbbKualitas produk bagus.Â Jahitannya rapi.Â Nyaman dipakai.Â Bahannya adem.",5
268,"Kualitas produk bagus, Jahitannya rapi, Ukuran sesuai,Nyaman dipakai, pekingan rapi",5
269,Kualitas produk bagus,5
270,Bahannya adem Nyaman dipakai,5
271,Kualitas produk bagus.Â Nyaman dipakai.Â Ukuran sesuai.,5
272,"barang oke, pengiriman oke!! worth it banget",5
273,Sedikit overpriced untuk kualitas kaosnya,3
274,Kualitas produk bagus.Â Ukuran sesuai.Â mantap,5
275,"Baju nya bagus, kualitas oke, pelayanan nya mantep bgt",5
276,Kualitas produk bagus.Â Jahitannya rapi.Â Ukuran sesuai.Â Nyaman dipakai.,5
277,"Kualitas produk bagus Jahitannya rapi Bahannya adem Ukuran sesuai Modelnya keren ğŸ˜

Pembelian ke 2 mantep deh bintang 5 â­ï¸â­ï¸â­ï¸â­ï¸â­ï¸",5
278,Jahitannya rapi.Â Nyaman dipakai.Â Kualitas produk bagus.Â Warnanya mantap.Â Bahannya adem.Â Tidak menerawang.Â Bahannya lembut.,5
279,"Kualitas produk bagus
 Nyaman dipakai
 Modelnya keren ğŸ˜
 Bahannya adem",5
280,Nyaman dipakai.,5
281,Kualitas produk bagus.Â Modelnya keren ğŸ˜.Â Nyaman dipakai.,5
282,ğŸ‘,5
283,"udah tau minta cancel, trus mana barang yg dateng barang reject. diminta pengembalian dana malah diajuin tukar barang. ni seller maksa bet pen dapet duit gocap doang",1
284,Terbaik. Next time saya akan pesan di sini keren. Bajunya. Cuman saya bru tau saya ukuran nya L ternyata ğŸ˜… tpi aman lah,5
285,Kualitas produk bagus.,4
286,"bahan nya adem, enak dipakai",5
287,"terima kasih barangnya sudah sampai dan saya coba sangat nyaman dan tebal ukurannya juga pas
mantap deh pokoknya",5
288,Kualitas produk bagus Jahitannya rapi Modelnya keren ğŸ˜ Warnanya mantap Bahannya adem Tidak menerawang Bahan menyerap keringat Ukuran sesuai Nyaman dipakai Bahannya lembut,5
289,Modelnya keren ğŸ˜ Nyaman dipakai Kualitas produk bagus kerennn pokoknya dahh,5
290,"Kaosnya bagus. Bahannya lembut, ukurannya pas dan nyaman. Recommended. (cuman pengirimannya lama lewat waktu yg ditentukan tokped).",5
291,Sizenya beneran Extra large ğŸ¤£Nyaman dipakai.,5
292,Bahan sesuai harga nya lah,4
293,Bajunya ok banget. Bahannya enak dan harganya jauh lebih bersahabat daripada beli di mall.,5
294,"beli lagi beli lagi, bahannya enak dipake. mksh yaa",5
295,"bajunya pendek, jangan beli yang hitam kawan kawan",1
296,Ukuran sesuai.Â Modelnya keren ğŸ˜.Â Kualitas produk bagus.Â Warnanya mantap.,5
297,"baguus
bahannya enak juga",5
298,Nyaman dipakai.Â Modelnya keren ğŸ˜.Â Ukuran sesuai.Â Kualitas produk bagus.Â Tidak menerawang.Â Ukuran sesuai.,5
299,"Kualitas produk bagus Jahitannya rapi Nyaman dipakai Bahannya adem Bahannya lembut Bahan menyerap keringat Tidak menerawang

Keren pokoknya, cuma lehernya sedikit kelebaran atau saya yang pesennya kebesaran???

BB 82, TB 175, black XL",5
300,Kualitas produk bagus.Â Jahitannya rapi.Â Ukuran sesuai.,5
301,mantab,5
302,Kualitas produk bagus.Â Jahitannya rapi.Â Nyaman dipakai.,5
303,Produk sesuai deskripsi,5
304,Kualitas produk bagus.Â Nyaman dipakai.Â Tidak menerawang.Â Ukuran sesuai.Â Jahitannya rapi.Â Warnanya mantap.Â Bahan menyerap keringat.Â Modelnya keren ğŸ˜.Â Bahannya adem.Â Bahannya lembut.,5
305,Kualitas produk bagus Jahitannya rapi Ukuran sesuai Nyaman dipakai,5
306,Langsung dipake ke gunung wkwk,5
307,Kualitas produk bagus.Â Jahitannya rapi.Â Ukuran sesuai.Â Nyaman dipakai.Â Modelnya keren ğŸ˜.Â Warnanya mantap.Â Bahannya adem.Â Tidak menerawang.Â Bahan menyerap keringat.Â Bahannya lembut.,5
308,mantap banget ga pake lama dan barang nya recommended deh,5
309,Kualitas produk bagus.Â Nyaman dipakai.,5
310,Kualitas produk bagus.Â Modelnya keren ğŸ˜.Â Jahitannya rapi.Â Warnanya mantap.Â Bahan menyerap keringat.Â Tidak menerawang.Â Nyaman dipakai.Â Ukuran sesuai.Â Bahannya lembut.Â Bahannya adem.,5
311,Nyaman dipakai.Â Kualitas produk bagus.,5
312,Kualitas produk bagus,5
313,Kualitas produk bagus Tidak menerawang Bahan menyerap keringat Bahannya adem Modelnya keren ğŸ˜ Jahitannya rapi Nyaman dipakai Warnanya mantap Ukuran sesuai Bahannya lembut,5
314,Guriih guriih enyooi,5
315,Kualitas produk bagus Jahitannya rapi Bahannya adem,5
316,"Kualitas produk bagus , Jahitannya rapi, Modelnya keren ğŸ˜, Bahannya adem, Bahannya lembut, Tidak menerawang",5
317,Nyaman dipakai.Â Bahannya adem.Â Tidak menerawang.Â Bahannya lembut.Â Kualitas produk bagus.,5
318,Ukuran sesuai.,4
319,Ukuran sesuai.,5
320,Kualitas produk bagus.Â Nyaman dipakai.Â Bahannya adem.Â Bahannya lembut.,5
321,Nyaman dipakai.,5
322,"harga terjangkau, produk sangat baik, pengiriman cepat, packing aman, terima kasih. selalu sehat.",5
323,"Bahan bagus 
Pengiriman cpt",5
324,Kualitas produk bagus.Â Modelnya keren ğŸ˜.,5
325,Ukuran sesuai.Â Jahitannya rapi.Â Bahannya adem.,5
326,Kualitas produk bagus.,5
327,Kualitas produk bagus.Â Ukuran sesuai.Â Nyaman dipakai.,5
328,Kualitas produk bagus.Â Jahitannya rapi.Â Modelnya keren ğŸ˜.Â Bahannya adem.Â Warnanya mantap.Â Ukuran sesuai.Â Bahannya lembut.Â Bahan menyerap keringat.Â Nyaman dipakai.Â Tidak menerawang.,5
329,bagust,5
330,Kualitas produk bagus.,5
331,Sipaling bisa diandalkan ğŸ‘Œ,5
332,Warnanya mantap,4
333,Kualitas produk bagus.,5
334,"bahannya tebel, nyaman juga di pake",5
335,Ukuran sesuai.Â Warnanya mantap.Â Kualitas produk bagus.Â Bahannya lembut.,5
336,Bahannya tebal. Saya tinggi 175 bb 83 niat beli kaos oversize karena biar muat dibadan. ternyata kebesaran saya milih yg XL mungkin lain kali L aja cukup ya ğŸ˜.,5
337,Jahitannya rapi,5
338,Good,5
339,"Kren banget, bahan nyamannnKualitas produk bagus.Â Jahitannya rapi.Â Modelnya keren ğŸ˜.",5
340,Suka bajunya. Tapi agak panjang di lengannya. Dan warnanya kurang lite ternyata,5
341,"Harga murah dan bahannya adem, enak banget, beli lagi ah warna lain wkwk",5
342,Kualitas produk bagus,5
343,"ok ajalah,",4
344,Kualitas produk bagus.Â Nyaman dipakai.Â Jahitannya rapi.Â Ukuran sesuai.Â Warnanya mantap.Â Bahannya adem.Â Modelnya keren ğŸ˜.Â Bahannya lembut.,5
345,"bagussss, dapet stiker jugaaa, thank youuuu (ï½¢`ï½¥Ï‰ï½¥)ï½¢",5
346,Kualitas produk bagus,5
347,Kualitas produk bagus.Â Bahannya adem.Â Warnanya mantap.Â Nyaman dipakai.,5
348,Kualitas produk bagus.Â Modelnya keren ğŸ˜.,5
349,Kualitas produk bagus.,5
350,mantap bahan bagus ğŸ‘ğŸ‘ğŸ‘ğŸ‘,5
351,"Sudah pembelian ke 10 x.....selalu puas. Admin responnya mantap
Kualitas produk bagus.",5
352,Kualitas produk bagus.Â Nyaman dipakai.Â Ukuran sesuai.,5
353,Kualitas produk bagus.Â Nyaman dipakai.Â Jahitannya rapi.Â Bahannya adem.Â Tidak menerawang.Â Bahannya lembut.Â Bahan menyerap keringat.,5
354,Jahitannya rapi.,5
355,mantap barangnya. Modelnya keren ğŸ˜.Â Nyaman dipakai.,5
356,"Mantap barang keren, sesuai pesanan",5
357,Kualitas produk bagus.Â Modelnya keren ğŸ˜.Â Tidak menerawang.Â Nyaman dipakai.Â Bahan menyerap keringat.,5
358,"ada 1 baju yang beda ukuran, jadinya lebih gede. M rasa L",4
359,Kualitas produk bagus.Â Nyaman dipakai.Â Modelnya keren ğŸ˜.Â Warnanya mantap.Â Bahannya adem.Â Jahitannya rapi.,5
360,gg gaming xl tapi cocok buat berat 80 tinggi 178Kualitas produk bagusNyaman dipakai.,5
361,Kualitas produk bagus.Â Modelnya keren ğŸ˜.Â Jahitannya rapi.Â Ukuran sesuai.Â Bahannya adem.Â Tidak menerawang.Â Bahannya lembut.Â Nyaman dipakai.Â Bahan menyerap keringat.Â Abang kurirnya ramah,5
362,"cutting kurang bagus. di badan kurang oversize, di tangan gede amat kaya rok. ga lagi deh beli.",3
363,bahannya lumayan bagus,5
364,Kualitas produk bagus.Â Modelnya keren ğŸ˜.Â Warnanya mantap.Â Bahannya adem.Â Nyaman dipakai.,5
365,Kualitas produk bagus.Â Nyaman dipakai.Â Bahannya adem.,5
366,"Bagus , sesuai, cepat. Thanks gan ğŸ™ğŸ™ğŸ™",5
367,"Kualitas produk bagus.Â Jahitannya rapi.Â Ukuran sesuai.Â Nyaman dipakai.Â Modelnya keren ğŸ˜.Â Warnanya mantap.Â Bahannya adem.Â Tidak menerawang.Â Bahan menyerap keringat.Â Bahannya lembut.Â 
toko ini akan jadi langganan ğŸ‘ğŸ‘ğŸ‘ğŸ‘ğŸ‘ğŸ‘ğŸ‘ğŸ‘ğŸ‘ğŸ‘",5
368,yang kusuka pesanan cepat sampenya,5
369,"bahannya bagus, enakeun dipakenya. pas cucok ğŸ‘ğŸ‘",5
370,Kualitas produk bagus.Â Jahitannya rapi.,4
371,Bahan enak dan bagus!,5
372,Nyaman dipakai.,5
373,Kualitas produk bagus.Â Jahitannya rapi.,5
374,"bahannya bagus, nyaman ğŸ‘",5
375,Kualitas produk bagus.,5
376,bagus tapi lingkar lehernya gede banget kaya udah lama gitu hahaha. sorry 4 dulu ya,4
377,"baju sesuai dengan harapan, bahan juga tidak murahan. diberi sticker menjadi nilai plus! recommended sukses",5
378,Kualitas produk bagus.Nyaman dipakai.Â Jahitannya rapi.Â Tidak menerawang.Â Bahannya lembut.Â Bahannya adem.Â Ukuran sesuai.Â Warnanya mantap.,5
379,Kualitas produk bagus.Â Nyaman dipakai.Â Tidak menerawang.Â Ukuran sesuai.Â Jahitannya rapi.Â Warnanya mantap.Â Bahannya adem.Â Modelnya keren ğŸ˜.Â Bahan menyerap keringat.Â Bahannya lembut.,5
380,Kualitas produk bagus.Â Nyaman dipakai.,5
381,Harga sesuai dengan bahan dan fiting kaosnya. Udah beberapa kali belanja di sini.,5
382,Kualitas produk bagus.,5
383,Jahitannya rapi Ukuran sesuai Modelnya keren ğŸ˜,5
384,Kualitas produk bagus.Â Nyaman dipakai.Â Tidak menerawang.Â Jahitannya rapi.Â Modelnya keren ğŸ˜.,5
385,Kualitas produk bagus,5
386,Kualitas produk bagus.Â Jahitannya rapi.Â Cuman desain keranya agak melar bagi saya,5
387,"Kualitas produk bagus.Â Jahitannya rapi.Â Ukuran sesuai.Â Pengiriman agak lambat, response seller lambat",4
388,Nyaman dipakai.Â Kualitas produk bagus.Â Warnanya mantap.Â Bahan menyerap keringat.Â Ukuran sesuai.Â Modelnya keren ğŸ˜.Â Jahitannya rapi.Â Bahannya adem.Â Tidak menerawang.Â Bahannya lembut.,5
389,Kualitas produk bagus.Â Jahitannya rapi.Â Nyaman dipakai.,4
390,"Barang mantap ğŸ‘ğŸ» tapi sayang warnanya rada beda sama fitting di bodynya yg satu lebih kecil, padahal beli ukuran yg sama &amp; di waktu yg sama juga",4
391,Nyaman dipakai.Â Kualitas produk bagus.Â Ukuran sesuai.Â Bahannya lembut.Â Bahannya adem.,5
392,Tidak menerawang,5
393,like,5
394,mantapNyaman dipakai.,5
395,Kualitas produk bagus.,5
396,bgusNyaman dipakai.Â Modelnya keren ğŸ˜.Â Warnanya mantap.Â Ukuran sesuai.,5
397,pengiriman cepet,5
398,"lengan sebelah kanan bolong,",3
399,Biasa. Sesuai harga ğŸ‘Ukuran sesuai.,3
400,"Bahan kaosnya tebal, tipe yang tidak terlalu lentur. Sizenya oke banget, gede. Biasa kalau mau oversized aq harus ambil XL ke atas, di sini L aja uda oversized. Jahitannya ada yang rapi, ada yang engga (ini yg bikin cuma kasi â­â­â­â­). Lengannya panjang, jadi sebagai alternatif bisa digulung. Warna Peach nya lebih ke Dusty Pink.

Kalau sellernya OK banget, gercep, pengirimannya juga cepet banget. Thanks seller!",4
401,Kualitas produk bagus Jahitannya rapi Ukuran sesuai Nyaman dipakai Modelnya keren ğŸ˜ Warnanya mantap Bahannya adem Tidak menerawang,5
402,Produk ok. Pengiriman so-so.,4
403,"good quality, udah 2x beli disini",5
404,"Bahannya agak kurang, kalo temoat lain bisa dapat lebih bagus harga segitu",3
405,"Barang Mendarat Dengan Aman dan selamat sampai tujuann..

Untuk Bahannya Lumayan bagus, Tapi Rasanya Kurang Gedean aja biar lebih nampak Cutingnya.. saya T171 BB 63 Pake L Rasanya agak Kurang Lebar Harusnya XL.. Klo Dtoko sebelah Gue cocok Sama L Krna Udah Kbiasaan Pake Oversize smua..!! Untuk Qcnya Kayanya ga Teliti Dibagian Bawah malah Oblak Modelnya keren ğŸ˜",4
406,Nyaman dipakai.Â Ukuran sesuai.Â Kualitas produk bagus.,4
407,Bahannya enak. Next pesen disini lagi,5
408,kurang tebal,3
409,Kualitas produk bagus.Â Jahitannya rapi.Â Modelnya keren ğŸ˜.Â  Untuk kawan kawan yang berat 80-87 tinggi 170 . XL recommended,4
410,bagus banget nyaman juga di pakek,5
411,Kualitas produk bagus.Â Ukuran sesuai.Â Warnanya mantap.Â Bahannya adem.Â Tidak menerawang.Â tapi kalo bisa bikin yng xxl atau xxxl.. biar saya beli lg,5
412,Warnanya mantap.Â Modelnya keren ğŸ˜.Â Jahitannya rapi.,5
413,Nyaman dipakai.,5
414,Ukuran sesuai.Â Modelnya keren ğŸ˜.,5
415,sesuai dengan pesanan. terima kasih,5
416,Ukuran sesuai.,5
417,Kualitas produk bagus Jahitannya rapi Nyaman dipakai,5
418,Kualitas produk bagus.Â Nyaman dipakai.Â Warnanya mantap.Â Modelnya keren ğŸ˜.Â Bahannya lembut.Â Bahan menyerap keringat.Â Ukuran sesuai.Â Jahitannya rapi.Â Bahannya adem.Â Tidak menerawang.,5
419,"Kualitas produk bagus Jahitannya rapi Nyaman dipakai Modelnya keren ğŸ˜, tapi size L warna navy dan hitam panjangnya beda",5
420,Bahannya adem Warnanya mantap Nyaman dipakai Modelnya keren ğŸ˜,5
421,Kualitas produk bagus.Â Modelnya keren ğŸ˜.Â Jahitannya rapi.Â Bahannya adem.,5
422,Jahitannya rapi.Â Modelnya keren ğŸ˜.Â Bahannya adem.Â Nyaman dipakai.Â Bahannya lembut.Â Bahan menyerap keringat.,5
423,"Mantap, size sesuai dan pengiriman cepat banget Kualitas produk bagus Jahitannya rapi Ukuran sesuai Nyaman dipakai Warnanya mantap Bahannya adem",5
424,Kualitas produk bagus.Â Jahitannya rapi.Â Nyaman dipakai.Â Warnanya mantap.Â Bahannya adem.Â Tidak menerawang.Â Bahannya lembut.Â sesuai pict,5
425,Kualitas produk bagus.Â Nyaman dipakai.Â Bahannya adem.Â Jahitannya rapi.Â Warnanya mantap.Â Modelnya keren ğŸ˜.Â Ukuran sesuai.Â Bahannya lembut.Â Bahan menyerap keringat.Â Tidak menerawang.,5
426,Kualitas produk bagus.Â Jahitannya rapi.Â Ukuran sesuai.,5
427,mantapğŸ‘ğŸ»âœ¨,5
428,kaosnya keren...alKualitas produk bagus.Â Jahitannya rapi.Â Modelnya keren ğŸ˜.Â Ukuran sesuai.Â Bahannya adem.Â Bahan menyerap keringat.Â Warnanya mantap.Â Bahannya lembut.Â Nyaman dipakai.Â Tidak menerawang.,5
429,"mantaappp, udah beli 3XKualitas produk bagus.Â Modelnya keren ğŸ˜.Â Nyaman dipakai.",5
430,Kualitas produk bagus Jahitannya rapi Bahannya adem Nyaman dipakai Bahan menyerap keringat Warnanya mantap Ukuran sesuai Tidak menerawang Modelnya keren ğŸ˜ Bahannya lembut. Dapet hadiah keychain n stickers ğŸ˜ğŸ™ğŸ» thank u,5
431,not bad ğŸ‘Œ,4
432,Nyaman dipakai.Â Bahannya adem.Â Ukuran sesuai.Â Modelnya keren ğŸ˜.,5
433,"bagus bahannya, tau gitu beli banyak",4
434,mantapppğŸ‘,5
435,Nyaman dipakai.Â Ukuran sesuai.Â Jahitannya rapi.Â Kualitas produk bagus.Â Warnanya mantap.Â Modelnya keren ğŸ˜.Â Tidak menerawang.,5
436,barang mantap nyaman di pakai best lah,5
437,super fast response dikirimnya cepet banget. barang bagus nyaman ğŸ˜Warnanya mantap.Â Tidak menerawang.,5
438,"Suka banget, pesanan sesuai dengan permintaan...  bahannya agak tebel, cuttingannya pas (mungkin kalo agak panjang lagi, tambah cakep sih).
aseli nyesel cuman beli 3, harus beli warna lain bila perlu double warna..  

oh iya, dapet bonus juga sticker &amp; keychain..  ğŸ˜‰ğŸ‘ğŸ¼ğŸ‘ğŸ¼",5
439,fast response baju nya bagus &amp; nyaman dipake ğŸ‘Kualitas produk bagus.Â Modelnya keren ğŸ˜.,5
440,"meskipun tidak seperti ekspetasi saya tetapi jahitannya rapi, bahannya kumayan. seller responsif",4
441,"bahannya adem halus, ukuran pas,  sangat puas !!! ğŸ‘",5
442,Kualitas produk bagus Jahitannya rapi Modelnya keren ğŸ˜ Nyaman dipakai Warnanya mantap Bahannya lembut,5
443,keren.....,5
444,Kualitas produk bagus.Â Jahitannya rapi.Â Ukuran sesuai.Â Nyaman dipakai.,5
445,"Kualitas produk bagus.Â Warnanya mantap.Â Bahan menyerap keringat.
Ok banget bahannya untuj tshirt 70ribuan hehe",5
446,Kualitas produk bagus.,5
447,Kualitas produk bagus,5
448,Kualitas produk bagus.Â Nyaman dipakai.Â Ukuran sesuai.Â Ukuran sesuai.Â Bahan menyerap keringat.Â Jahitannya rapi.Â Warnanya mantap.Â Bahannya adem.Â Modelnya keren ğŸ˜.Â Bahannya lembut.Â Bahannya lembut.Â Tidak menerawang.,5
449,Nyaman dipakai.Â Kualitas produk bagus.,5
450,nice ğŸ‘ğŸ»,5
451,Kualitas produk bagus.Â Modelnya keren ğŸ˜.Â Nyaman dipakai.Â Ukuran sesuai.,5
452,Jahitannya rapi Kualitas produk bagus Modelnya keren ğŸ˜,5
453,Ukuran sesuai,5
454,Kualitas produk bagus.Â Modelnya keren ğŸ˜.Â Bahannya adem.,5
455,Kualitas produk bagus Jahitannya rapi Ukuran sesuai Nyaman dipakai Modelnya keren ğŸ˜ Bahannya adem,5
456,baguuussss ğŸ¥ºğŸ¥µ,5
457,Kualitas produk bagus Jahitannya rapi Ukuran sesuai Nyaman dipakai Modelnya keren ğŸ˜ Warnanya mantap Bahannya adem,5
458,Kualitas produk bagus.Â Jahitannya rapi.Â Ukuran sesuai.Â Nyaman dipakai.Â Tidak menerawang.Â Bahannya adem.Â Bahannya lembut.Â Bahan menyerap keringat.,5
459,bagusan,5
460,Kualitas produk bagus.Â Nyaman dipakai.,5
461,"okee sih,cuttingnya suka..sukses selalu",5
462,Kualitas produk bagus.Â Nyaman dipakai.Â Tidak menerawang.Â Bahan menyerap keringat.Â Modelnya keren ğŸ˜.Â Bahannya lembut.Â Warnanya mantap.Â Ukuran sesuai.Â Jahitannya rapi.Â Bahannya adem.,5
463,"Kualitas produk bagus.Â Nyaman dipakai.Â Bahannya adem.Â 

cobain beli 2 baju, ternyata oke banget.",5
464,Brand tag nya keren. Tapi ukuran lebar badan masih kurang lebar. Kualitas produk bagus Jahitannya rapi Nyaman dipakai Modelnya keren ğŸ˜ Warnanya mantap Bahannya lembut,4
465,Kualitas produk bagus.Â Jahitannya rapi.,5
466,Kualitas produk bagus.Â Nyaman dipakai.Â Bahannya adem.Â Bahannya lembut.,5
467,"Sumpah kebangetan banget kalo engga di kasih bintang 5, sukses terus boskuu",5
468,Kualitas produk bagus.Â Modelnya keren ğŸ˜.Â Jahitannya rapi.Â Warnanya mantap.Â Ukuran sesuai.Â Bahannya lembut.,5
469,Kualitas produk bagus Nyaman dipakai,5
470,Jahitan kurang rapi.,2
471,bagus bahannya halus  nnti pesan lgi,5
472,order ke 2,5
473,Kualitas produk bagus Bahannya adem Ukuran sesuai Nyaman dipakai Bahannya lembut Jahitannya rapi Tidak menerawang WORTH TO BUY BGT GA AKAN NYESEL BELI DISINI NEXT BAKAL ORDER LAGI ğŸ’˜ğŸ’˜ğŸ’˜,5
474,kurang panjang sihh,3
475,puas sekali barang nya bagus top pokoknya,5
476,"gede bgt ternyata, tp bahannya bagus, mantap",5
477,barang bagus sesuai pesanan,5
478,"bahan bagus, keren &amp; tidak panas
pokoknya enak &amp; adem
recommended bgt 
mantaplah ğŸ‘",5
479,"untuk tinggi badan 175cm mnrut saya udh pas bgt ini size xl.... dgn harga segini bahan lmyn, jahitan lmyn rapi juga",5
480,"as always good quality, repeat order ke sekian kali",5
481,mantapppp,5
482,mantappppp,5
483,"barang sampai dengan selamat, pengiriman cepat, seller nya juga ramah",5
484,"cutting bagus, mantab. kayanya jgn dimasukin mesin pengering.. bisa susut",5
485,"Seller tidak ada respon, minta gosend kapan di kirim kapan , udah tau minta instan , udah ajukan pembatalan malah d tolak , di chat gak d bales begitu paket udah d rumah baru di bales , gak amanah banget kalau gk sanggup jangan di terima lah , gak mau lagi beli di sini !!",1
486,puas,5
487,Biar bintang yang bicara,5
488,pembelian yang kesekian,5
489,bagus,5
490,"so far masih OK bahan and color nya. tapi kurang panjang aja ini sedikit, karena tinggi gue 178cm. overall COOL!",5
491,"puas, gk.nyesel pas. 
tinggi saya 168 berat 70. uk. L",5
492,Kaos tipis,3
493,Kainnya tebalğŸ‘ğŸ»,4
494,"Sizing nya beda gak konsisten padahal size sama, bahan pun beda warna beda feel. Respon sellernya bagus cepet, Sukses!",5
495,lumayan lahh,5
496,Bahan enak adem,4
497,"bagus, tebel",5
498,"bahan nya tebel, ga setipis lapisan epidermis",5
499,fast response buyer ramah,4
500,mantap,5
501,nice 2nd order very satisfied... success,5
502,bagus min,5
503,Mantap,5
504,puas banget ...kereeen...DTG CPT pokonya good ..mksh,5
505,barang bagus. Ukuran XL lokal.,5
506,ğŸ‘,5
507,"size M dan XL cuttingnya bagus, tapi size L lengannya pendek sendiri.",4
508,sepertinya tebal krn belum dibuka,5
509,sangatt puass dg ukuran XL ya buat saya tinggi 165 cm 67 kg ...bakal beli lagi,5
510,pembelian ke sekian kalinya. di tambah ada casback 30rb mantapp,5
511,"pengiriman, brg sptnya bagus tapi blm dibuka krn utk kado",5
512,"pengiriman, brg sptnya bagus tapi blm dibuka krn utk kado",5
513,"pengiriman, brg sptnya bagus tapi blm dibuka krn utk kado",5
514,"pengiriman, brg sptnya bagus tapi blm dibuka krn utk kado",5
515,"pengiriman, brg sptnya bagus tapi blm dibuka krn utk kado",5
516,cepat bahan nyaman beli lgi,5
517,udah smpe gan bagus bgd..,5
518,"bahan nya enak adem di badan, poko nya mantap",5
519,bagus,5
520,bagus,5
521,"kualitas bagus dan gak nyangka bakal sebagus itu, rekomendasi dah..",5
522,bagus eh kirain jelek sekalinya bagus,5
523,kaosnya tebel goodddd laaaağŸ˜,5
524,"Kainnya nyaman, bagus pokoknya",5
525,Mantul,5
526,mantap..barang bagus,5
527,bagus.,5
528,"Puas, bagus, saya suka",5
529,mantap,5
530,"kualitas kaosnya bagus, packing rapih",5
531,terima kasih banyak. kaosnya bagus,5
532,"Begini, kaosnya keren sih, harganya juga miring banget sampai hampir keguling. 

Terus yang bikin salute, admin-nya bales cepet banget. Lebih cepet dari balesan istriku. Ngirim pake GoSend ke Bandung Timur, udah sampai sebelum satu jam. Ngeri ngeri sedaaaaaaaaaaaap~",5
533,bahannya bagusss untuk harga segitu.. mantap dah,5
534,"sangat di anjurkan untuk membeli kaos polos disini, dijamin gk bakal kecewa sama barangnya",5
535,"Bagus bgt!! XL pas untuk ukuran 95KG an! bahan juga lembut, next time beli lagi yuhu:b",5
536,sempurna,5
537,barang nya bagus dan orang nya juga ramah cepat respon gak nyesal beli,5
538,bagus,5
539,Keren,5
540,bagus banget bahan nya,5
541,"kaos nya tebel, bagus adem juga.. benerÂ² oversize pengiriman juga cepat, ga nyesel sih beli disini ğŸ’œğŸ’œ",5
542,"kaos nya tebel, bagus adem juga.. benerÂ² oversize pengiriman juga cepat, ga nyesel sih beli disini ğŸ’œğŸ’œ",5
543,"Kaosnya bagus, adem, fast respon. Pengiriman cepat. Sukses",5
544,"Suka banget sama bahan nya,
Tp kenapa yg krem ga sebagus yg warna hijau ya",5
545,Warna bukan sama dengan deskripsi. ukuran tidak cocok. Ukuran tidak sama dengan Uniqlo/H&amp;M.,3
546,belum coba kelihatan sih bagus.,5
547,"pengiriman cepat, barang oke dan nyaman!",5
548,bahannya adem langsung tak pakai dari pagi sampe malam buat tidur sekalian,5
549,sesuai bintang kualitasnya,5
550,barang nya bagus bangettt suka pokonya auto pesen lagi ini mah,5
551,bahannya ga sesuai ekspektasi,3
552,Bahan nya bagus,5
553,,5
554,"bagus bahan nya, sukses terus, lancar terus rejekinya",5
555,SUMPAH ANJIM BAGUS BET YAK BAHANNYA HARGA MURAH PADAHAL ğŸ˜‚,5
556,pengiriman cepet tapi bajunya bagus cuma ya gitu hehe,4
557,"barang sesuai, bahan lumayanlah",5
558,bahan adem.. kualitas kain mantap.. thank u,5
559,"fast respon, pengiriman cepat mantab seperti angin..",5
560,,5
561,"bahan bagus banget,bahan juga lumayan tebel ya..gak bikin gerah juga ,like it pokok nya",5
562,Respon pengiriman cepat barang sesuai uraian produk,5
563,sip,5
564,"walau barang sampai h+1 dari perkiraan tokped, tapi saya puas sama barangnya. nih lagi saya pake. untuk saya yg punya bb 69kg dan tinggi 172cm, ukuran M udah jadi pilihan bagus. semoga ga mengkerut pas dicuci. overall keren kaosnyam saya beli 3. hitam 2 dan putih 1. top",5
565,biar lambat asal selamat....  sesuai pesanan.,5
566,"Suka dg ukuran, warna dan kwalitas barang.",5
567,Nice,5
568,Mantap bos ukuran L nih,5
569,"bagus, kaos cukup tebal, warna sesuai.",5
570,bagus..,5
571,parah sih tebal kainnya lembut gk nyesal suer,5
572,bener over size mantap,5
573,bagusssss bangettt donggg. baranggg nyampenya cepetttttt ğŸ˜ğŸ˜,5
574,"goks, suka Ama ukurannya pas, lehernya ga trlalu besar",5
575,keren,5
576,,5
577,"Barang nya sesuai kualitas, sayang
 warna yang dikirim gak sesuai permintaan",5
578,"pengiriman cepat, bahan dan kualitas bagus, harga terjangkau.",5
579,Pesan ke 2x,5
580,wokeh...,5
581,"bagus kualitas baju sesuai ekspektasi., sesuai harga rekomended",5
582,"Pembelian kedua di toko ini. sebelum nya 2 pcs sekarng, pesan 2 pcs kurang puas bahan nya beda bnget sama yg pemesanan pertama, gak sesuai expect",2
583,"oke, mudah2an aweet.. dikasih stiker + gantungan kunci. terima kasih",5
584,"Pejual ramah, pengiriman cepat, kaosnya bagus banget parah",5
585,"tidak ada minus, sesuai dengan pesanan",5
586,mantap dapat bonus gantungan kunci sama stiker,5
587,fast respon dan penjual ramah bgt,5
588,Thankssss bonusnya,5
589,"kualitas oke, bagus..",5
590,barang sesuai deskripsi,4
591,bahannya tebal krg nyerap keringat,3
592,mantap,5
593,"Barang sesuai, kualitas jahitan juga rapih, pengiriman cepat
mantappppp",5
594,"Mantap lah, bahan kaos adem dan halus",5
595,"keren, bahannya bagus. rencana mau beli lagi",5
596,"Bahanya adem, enak",5
597,mantap!,5
598,,5
599,"rada beda sih sama yang di display foto warna ijo tuanya,tp buat bahan oke banget",4
600,Nice,5
601,"Barang bagus dan respon cepat, baru transfer langsung dikirim beberapa jam kemudian
recomend seller",5
602,bahan bagus tp kayaknya ukuran lebarnya bukan di perut kebawah ya tp di pundak,5
603,mantabs,5
604,bagus,5
605,"cuttingnya bukan dropshouder/oversized, hanya seperti pakal kaos xxxl",4
606,"order 2x dalam 1 hari, mantap",5
607,ukuran xlnya kecil,3
608,Mantap. Dan pelayanan ok,5
609,"kualitas bahan tebal, keren + warna sesuai gambar..",5
610,kualitas oke harga mantap ğŸ‘ğŸ»ğŸ‘ğŸ»ğŸ‘ğŸ»,5
611,pembelian ke 5.......bahan kaos gak molor.......pemrosesan cepat.......packing ok bingit......sukses selalu,5
612,bahan bagus dan puas,5
613,"realpic, servide so so",5
614,mantap,5
615,pesen L datang XL,2
616,"terbaikk, bahan adem size XL nya juga enak pas untuk tinggi 167cm bb 67kg",5
617,"mantap repeat order kedua, cuman agak kotor bajunya",5
618,"barang cepat sampai, bahan adem, sesuai gambar..",5
619,nyaman banget,5
620,barang bagus sesuai pesanan. oke banget sih kalo repeat order,5
621,"sesuai picture,  ğŸ‘ğŸ‘ğŸ™",5
622,pass bgt pokonya bahan adem,5
623,Mantap bahan bagus fitmen pas,5
624,puas,5
625,mantap,5
626,nyaman digunakan tapi proses pengemasan lama. pesan dari minggu siang baru diproses selasa malam.,4
627,"WARNA YG DI PESAN TIDAK SESUAI SM YG DIKIRIM, KLO MEMANG WRNA NY TDK AD, KONFIRMASI DLU, JGN LNGSNG KIRIM",1
628,kualitas barang baik,5
629,"Mantap seller bahan tebel adem, pengiriman cepet. Free sticker and keychainğŸ˜ğŸ”¥ tenkiuu seller",5
630,"proses cepat, barang sesuai, mantap,,",5
631,"Kualitas bagus, Proses cepat, Recommended",5
632,"sangat worth it.. keren pokoknya.. saran klo bisa ada ukuran d atas xl kak.. soalnya aku tinggi 180, berat 90 kesannya hampir gk kek oversize.. after all smua keren.. dpt gantungan lgi ğŸ˜ğŸ˜",5
633,"Bahan Mantap, ukuran sesuai",5
634,mantab kaos nya uda tiba makasi min n dapet bonus juga,5
635,harga sesuai kualitas good ğŸ‘ğŸ»,5
636,gila ini si Kren banget.udah tebel bahanya enak lagi di pakenya next beli 3 lagi,5
637,Pengiriman the flash,5
638,"Bagus, bahan ok ga murahan",5
639,sesuai harga,5
640,"Pengiriman super cepat. Respon chat terbaik. Product material bagus, jahitan rapih. Sukses !!!!",5
641,Iseng beli jam 2 pagi langsung diproses waktu itu juga.. udah gila ni toko.. macam 911 stand by 24 jam kali ya..,5
642,"Bahan adem, halus. Moga stlh dicuci berkali2 ga menyusut... Thx",5
643,Joss mantap,5
644,"Bahan kaos adem dan lembut, warna putih bersih tidak ada cacat. Service bagus banget, pesen sore tetep dikirim di hari yg sama. Terima kasih banyak!",5
645,"proses pengiriman sangat cepat, seller ramah",5
646,lumayan,5
647,"bahannya adem, comfortable banget, 5 stars!",5
648,"Kaosnya bagus... Tapi mis di warna, beli ijo melon datengnya ijo tua, daripada ribet komplain wes pakai aja lah. Tapi next time tolong diperhatikan dengan teliti pesanan pelanggan",3
649,good job...,5
650,ukuran sama L tapi pas di bandingin beda langsung keduanya beda,3
651,bahan tebel mantep,5
652,"sesuai pesanan,mantap",5
653,Nice,5
654,Thank u so much ğŸ’•  dapet free gantungan kunci jg,5
655,"Bahan tebal jahitan rapi , dan barang sampai dengan aman dan cepat 
Untuk harga 60 rbuan sangat better lah, pesan XL untuk tb 170 bb 75 sangat cocok",5
656,Bahan biasa saja,3
657,"EUG UDAH TRANSAKSI LEBIH DARI SEKALI DITOKO INI, DAN GAK PERNAH NYESEL!!! 

BAHANNYA SUGAB!!! 

BRAVO BUAT KALIAN!!!",5
658,Bahannya nyaman.,5
659,bahan tidak terlalu tipis,5
660,ğŸ‘ğŸ»ğŸ‘ğŸ»ğŸ‘ğŸ»,5
661,ğŸ‘ğŸ‘,5
662,"dipake nyaman, bahannya halus, gk tebel banget, untuk bb 80 tinggi 170 size XL cocok lah, apalagi klo pinter mix n match outfit.",5
663,Baguuuuusss banget tebel dan bahannya nyerep keringet.. ga keliatan kaos 70rb deh pokoknyaâ€¦ love bangeeet,5
664,pengiriman super2 cepat...pelayanan cepat...barang nya ssuai pesanan...pokok nya mantap,5
665,Bagus,5
666,mantap sesuai pesanan.,5
667,"Bahan kaosnya bagus gak transparan kainnya sesuai dengan deskripsi pakai 24s, pemakaiannya nyaman gak panas",5
668,Gila amanah bgt seller nya bahannya juga bagus,5
669,"kaos hitamnya bagus banget, sama kayak kulkas LG yang beli di BaBang Elektronik. Hitam glossy elegant gitu.",5
670,ok,5
671,bagus banget,5
672,ğŸ‘ğŸ‘ğŸ‘,5
673,"mantap, seller ramah
barang datang sesuai pesanan",5
674,Bahannya sesuai deskripsi daaanâ€¦. Bagus.,5
675,ok bagus,5
676,respon baik...barang kurang 1 langsung di folow up...moga lancar terus ya usahanya,5
677,,5
678,"Yg jual kurang gercep, lama bnget prosesnya, maksimal tgl 2 harusnya udah sampe, ini tgl 3 baru sampe",3
679,"Wah diluar ekspektasi, keren si ini asli dah, tenkiu seller",5
680,okeğŸ¤£ğŸ¤£ğŸ¤£,5
681,"Barang ganteng bos, sesuai ekspektasi lah!",5
682,"Mantep banget, ukuran nya pas banget nggak kegedean",5
683,Setelah dicuciâ€¦â€¦ menyusut semuaaa. kaos oversize pun jd agak ngatungğŸ˜… ketebalan bahan cukup baik dan nyaman.,3
684,"mantapp bang,bener2 oversize",5
685,"Bahannya bagus, aslik!",5
686,mantap,5
687,size L pas buat tinggi 170 bb 75 kg ğŸ‘ğŸ‘,5
688,Bagian belakang kok sobek begini ya? Apa ga dicek dulu sebelum kirim? Sia sia beli disini,1
689,"beli ukuran L ternyata lumayan gede juga, bahan bagus pengiriman cepat makasih yaa",5
690,"Yg maroon wine ini ga sesuai ekspektasi sih, lebih mirip terracotta drpd maroon tp ok lah",5
691,"Ukurannya pas, bahannya bagus. Semoga tahab lama",5
692,sangat bagus bahan tebal adem,5
693,mantab..udh 2x order semua sesuai,5
694,puas bgt sama barang nya,5
695,"beli 2 kaos, 22nya ukuran L tapi pas nyampe 22nya beda",3
696,Asli mantap bahan kaosnya ga tipis&#34; aman masih rekomended lah produknya next order warna lain,5
697,mantap..,5
698,Bagusssssssssssssss,5
699,"cukup bagus, proses cepat",5
700,Bahannya lebih halus yg pocket,4
701,"untuk produk gak ada masalah. Cuma pengiriman ekspedisi &#34;A&#34; ini yang masalah, LAMA BANGET. Kayaknya jadi pelajaran, apapun layanannya, mau berbayar atau free ongkir, kalau yang nanganin layanan antar &#34;A&#34; ini mending cari yang lain, nggak banget.",4
702,sesuai pesanan,4
703,"work it banget 
keliatan oversize nya",5
704,Definitely will order again,5
705,KEREN MURAH TAPI GA MURAHAN!!!!,5
706,,5
707,Bagus,5
708,good job...,5
709,Bagus sih cuma ada jaritan yg kurang rapi dan lobang gini,4
710,"yuhuuuuu, bahan kualiatas harga mantep bener. next order disini lagiğŸ¤Ÿ",5
711,,4
712,"proses lumayan lama, tapi oke untuk produknya",4
713,"sangat bagus keren sesuai deskripsi
tks....",5
714,keren!,5
715,"keren,gw suka bgt,bahan bgs,next gw order lagi yg warna hitam,Pertahankan kualitas ya,thx",5
716,lumayan,5
717,Barang sesuai deskripsi sippppp,5
718,mantap bahanya bagus,5
719,Produknya bagus bahan bagus cuma syang masih ada benang benang,5
720,cucok,5
721,puas banget,5
722,ini yang di cari,5
723,bagus ğŸ‘ğŸ˜ğŸ˜,5
724,bahan nya  saja tdk sesuai ekspektasi,4
725,solusi biar ga keliatan kurus2 amat,5
726,mantep bagussssss nuhun bang,5
727,Nice !!!,5
728,Mantap bajunya,5
729,"bagus ,pokoknya bagus",4
730,Pengiriman nya cpt. Berikut foto produk. Bagus ğŸ˜„,5
731,lama,1
732,Nanti beli lagi ah,5
733,bahan bagus. beli yg kegedean  .tpi its ok,5
734,"barang bagus sesuai deskripsi. bahannya lembut, ukurannya pas",5
735,"kalo barang bagus 
tapi paketnya dikirim ga sesuai alamat  nyasar ke tetangga",5
736,bahan adem.. warna sesuai dg gambar.. cmn ada sdkit jahitan d lengan yg lepas.. gak sbrp pengaruh .. ,5
737,"never thought it would be this good! bahan bagus dan ukurannya pas untuk kaos oversize. bukan yg jadinya pake kaos kegedean ğŸ˜…

recommended sangat!
",5
738,ğŸ¥°,5
739,kereeeen,5
740,ga nyangka kaosnua super2 nyaman,5
741,,5
742,"bahan oke dan cutting size tshirt pas , thanks ",5
743,"pengiriman lama, barang bagus ",3
744,barang sesuai pesanan,5
745,,5
746,"respon cepat, kaosnya bagus menyerap keringat terima kasih",5
747,"Mantab, recommended seller ğŸ˜ğŸ‘",5
